site,wtdepth_cm,iacsr,bhzdepth_cm,clay_60cm_pct,soc_30cm_pct,paw_150cm_mm
suth,120,96.80066811379574,31.625,19.680833335000003,1.8855,254.7
kana,125,86.1548903163253,35.405,18.296666665,2.124,228.3
nash,140,90.55300837776085,30.724999999999998,19.947499999999998,1.4913,227.4
ames,130,88.98490909268732,28.099999999999998,18.075,1.894,225.3
lewi,230,91.77388855361093,37,20.697499999999998,2.198,310.2
mcna,130,74.38966953291188,29.950000000000003,20.583333335,2.1789,306
craw,125,82.37857349119261,37.24166666666667,22.03625,2.1002333335,307.8
